ID,Description,p.adjust,k,stability,selected
WP2446,Retinoblastoma gene in cancer,1.1478195472023457e-6,23,1,TRUE
WP2806,Complement system,2.153425269543807e-5,18,1,TRUE
WP3624,Lung fibrosis,1.3300866888460333e-4,13,1,TRUE
WP466,DNA replication,5.386382355316237e-4,12,0.995,TRUE
WP5390,Pancreatic cancer subtypes,0.00227376880726506,8,0.985,TRUE
WP1591,Heart development,0.00236312624889572,11,0.97,TRUE
WP383,Striated muscle contraction pathway,0.00336538516258788,9,0.995,TRUE
WP2361,Gastric cancer network 1,0.00730276997515698,8,0.97,TRUE
WP2406,Cardiac progenitor differentiation,0.00730276997515698,11,0.985,TRUE
WP3617,Photodynamic therapy induced NF kB survival signaling,0.00841310623543139,8,0.97,TRUE
WP1533,Vitamin B12 metabolism,0.01157579699771016,9,0.94,TRUE
WP2848,Pluripotent stem cell differentiation pathway,0.01157579699771016,9,0.98,TRUE
WP2431,Spinal cord injury,0.01699746921389607,15,0.98,TRUE
WP5117,Cohesin complex Cornelia de Lange syndrome,0.01785774559065514,8,0.955,TRUE
WP4136,Fibrin complement receptor 3 signaling,0.02312478054758086,8,0.905,TRUE
WP558,Complement and coagulation cascades,0.02312478054758086,9,0.9,TRUE
WP2064,Neural crest differentiation,0.02779239111656727,13,0.955,TRUE
WP4016,DNA IR damage and cellular response via ATR,0.02779239111656727,13,0.96,TRUE
WP5095,Overview of proinflammatory and profibrotic mediators,0.02798339154073102,9,0.94,TRUE
WP5055,Burn wound healing,0.03162746535604851,11,0.93,TRUE
